QuestionID,RespTxt,RespPct,QuestionTxt,QuestionNote,SubPopulation,ReleaseDate,SurveyOrg,SurveySponsor,SourceDoc,BegDate,EndDate,ExactDates,SampleDesc,SampleSize,IntMethod,StudyNote
31116396.00004,Favorable,43,"Is your opinion of Hillary Clinton favorable, or unfavorable?",,Asked of one-fifth sample,01/1/2020,Edison Research,"National Election Pool (ABC News, Associated Press, CBS, CNN, Fox News, NBC)",2016 National Exit Poll,11/8/2016,11/8/2016,Y,Exiting voters and absentee/early voters,4374,Telephone Interview; On-site Questionnaire,
31116396.00004,Unfavorable,55,"Is your opinion of Hillary Clinton favorable, or unfavorable?",,Asked of one-fifth sample,01/1/2020,Edison Research,"National Election Pool (ABC News, Associated Press, CBS, CNN, Fox News, NBC)",2016 National Exit Poll,11/8/2016,11/8/2016,Y,Exiting voters and absentee/early voters,4374,Telephone Interview; On-site Questionnaire,
31116396.00004,Don't know/Refused,2,"Is your opinion of Hillary Clinton favorable, or unfavorable?",,Asked of one-fifth sample,01/1/2020,Edison Research,"National Election Pool (ABC News, Associated Press, CBS, CNN, Fox News, NBC)",2016 National Exit Poll,11/8/2016,11/8/2016,Y,Exiting voters and absentee/early voters,4374,Telephone Interview; On-site Questionnaire,
31116396.00005,Favorable,37,"Is your opinion of Donald Trump favorable, or unfavorable?",,Asked of one-fifth sample,01/1/2020,Edison Research,"National Election Pool (ABC News, Associated Press, CBS, CNN, Fox News, NBC)",2016 National Exit Poll,11/8/2016,11/8/2016,Y,Exiting voters and absentee/early voters,4374,Telephone Interview; On-site Questionnaire,
31116396.00005,Unfavorable,61,"Is your opinion of Donald Trump favorable, or unfavorable?",,Asked of one-fifth sample,01/1/2020,Edison Research,"National Election Pool (ABC News, Associated Press, CBS, CNN, Fox News, NBC)",2016 National Exit Poll,11/8/2016,11/8/2016,Y,Exiting voters and absentee/early voters,4374,Telephone Interview; On-site Questionnaire,
31116396.00005,Don't know/Refused,2,"Is your opinion of Donald Trump favorable, or unfavorable?",,Asked of one-fifth sample,01/1/2020,Edison Research,"National Election Pool (ABC News, Associated Press, CBS, CNN, Fox News, NBC)",2016 National Exit Poll,11/8/2016,11/8/2016,Y,Exiting voters and absentee/early voters,4374,Telephone Interview; On-site Questionnaire,
31116396.00011,Excellent,3,"Do you think the condition of the nation’s economy is excellent, good, not so good, or poor?",,Asked of one-fifth sample,01/1/2020,Edison Research,"National Election Pool (ABC News, Associated Press, CBS, CNN, Fox News, NBC)",2016 National Exit Poll,11/8/2016,11/8/2016,Y,Exiting voters and absentee/early voters,4374,Telephone Interview; On-site Questionnaire,
31116396.00011,Good,33,"Do you think the condition of the nation’s economy is excellent, good, not so good, or poor?",,Asked of one-fifth sample,01/1/2020,Edison Research,"National Election Pool (ABC News, Associated Press, CBS, CNN, Fox News, NBC)",2016 National Exit Poll,11/8/2016,11/8/2016,Y,Exiting voters and absentee/early voters,4374,Telephone Interview; On-site Questionnaire,
31116396.00011,Not so good,41,"Do you think the condition of the nation’s economy is excellent, good, not so good, or poor?",,Asked of one-fifth sample,01/1/2020,Edison Research,"National Election Pool (ABC News, Associated Press, CBS, CNN, Fox News, NBC)",2016 National Exit Poll,11/8/2016,11/8/2016,Y,Exiting voters and absentee/early voters,4374,Telephone Interview; On-site Questionnaire,
31116396.00011,Poor,21,"Do you think the condition of the nation’s economy is excellent, good, not so good, or poor?",,Asked of one-fifth sample,01/1/2020,Edison Research,"National Election Pool (ABC News, Associated Press, CBS, CNN, Fox News, NBC)",2016 National Exit Poll,11/8/2016,11/8/2016,Y,Exiting voters and absentee/early voters,4374,Telephone Interview; On-site Questionnaire,
31116396.00011,Don't know/Refused,1,"Do you think the condition of the nation’s economy is excellent, good, not so good, or poor?",,Asked of one-fifth sample,01/1/2020,Edison Research,"National Election Pool (ABC News, Associated Press, CBS, CNN, Fox News, NBC)",2016 National Exit Poll,11/8/2016,11/8/2016,Y,Exiting voters and absentee/early voters,4374,Telephone Interview; On-site Questionnaire,
31116396.00012,Enthusiastic,6,"Which best describes your feelings about the way the federal government is working?...Enthusiastic, satisfied, but not enthusiastic, dissatisfied, but not angry, angry",,Asked of one-fifth sample,01/1/2020,Edison Research,"National Election Pool (ABC News, Associated Press, CBS, CNN, Fox News, NBC)",2016 National Exit Poll,11/8/2016,11/8/2016,Y,Exiting voters and absentee/early voters,4374,Telephone Interview; On-site Questionnaire,
31116396.00012,"Satisfied, but not enthusiastic",23,"Which best describes your feelings about the way the federal government is working?...Enthusiastic, satisfied, but not enthusiastic, dissatisfied, but not angry, angry",,Asked of one-fifth sample,01/1/2020,Edison Research,"National Election Pool (ABC News, Associated Press, CBS, CNN, Fox News, NBC)",2016 National Exit Poll,11/8/2016,11/8/2016,Y,Exiting voters and absentee/early voters,4374,Telephone Interview; On-site Questionnaire,
31116396.00012,"Dissatisfied, but not angry",46,"Which best describes your feelings about the way the federal government is working?...Enthusiastic, satisfied, but not enthusiastic, dissatisfied, but not angry, angry",,Asked of one-fifth sample,01/1/2020,Edison Research,"National Election Pool (ABC News, Associated Press, CBS, CNN, Fox News, NBC)",2016 National Exit Poll,11/8/2016,11/8/2016,Y,Exiting voters and absentee/early voters,4374,Telephone Interview; On-site Questionnaire,
31116396.00012,Angry,23,"Which best describes your feelings about the way the federal government is working?...Enthusiastic, satisfied, but not enthusiastic, dissatisfied, but not angry, angry",,Asked of one-fifth sample,01/1/2020,Edison Research,"National Election Pool (ABC News, Associated Press, CBS, CNN, Fox News, NBC)",2016 National Exit Poll,11/8/2016,11/8/2016,Y,Exiting voters and absentee/early voters,4374,Telephone Interview; On-site Questionnaire,
31116396.00012,Don't know/Refused,2,"Which best describes your feelings about the way the federal government is working?...Enthusiastic, satisfied, but not enthusiastic, dissatisfied, but not angry, angry",,Asked of one-fifth sample,01/1/2020,Edison Research,"National Election Pool (ABC News, Associated Press, CBS, CNN, Fox News, NBC)",2016 National Exit Poll,11/8/2016,11/8/2016,Y,Exiting voters and absentee/early voters,4374,Telephone Interview; On-site Questionnaire,
31116396.00014,Yes,34,Do you think Donald Trump has the temperament to serve effectively as president?,,Asked of one-fifth sample,01/1/2020,Edison Research,"National Election Pool (ABC News, Associated Press, CBS, CNN, Fox News, NBC)",2016 National Exit Poll,11/8/2016,11/8/2016,Y,Exiting voters and absentee/early voters,4374,Telephone Interview; On-site Questionnaire,
31116396.00014,No,63,Do you think Donald Trump has the temperament to serve effectively as president?,,Asked of one-fifth sample,01/1/2020,Edison Research,"National Election Pool (ABC News, Associated Press, CBS, CNN, Fox News, NBC)",2016 National Exit Poll,11/8/2016,11/8/2016,Y,Exiting voters and absentee/early voters,4374,Telephone Interview; On-site Questionnaire,
31116396.00014,Don't know/Refused,3,Do you think Donald Trump has the temperament to serve effectively as president?,,Asked of one-fifth sample,01/1/2020,Edison Research,"National Election Pool (ABC News, Associated Press, CBS, CNN, Fox News, NBC)",2016 National Exit Poll,11/8/2016,11/8/2016,Y,Exiting voters and absentee/early voters,4374,Telephone Interview; On-site Questionnaire,
31116396.00015,Better today,31,"Compared to four years ago, is your family’s financial situation better today, worse today, or about the same?",,Asked of one-fifth sample,01/1/2020,Edison Research,"National Election Pool (ABC News, Associated Press, CBS, CNN, Fox News, NBC)",2016 National Exit Poll,11/8/2016,11/8/2016,Y,Exiting voters and absentee/early voters,4374,Telephone Interview; On-site Questionnaire,
31116396.00015,Worse today,27,"Compared to four years ago, is your family’s financial situation better today, worse today, or about the same?",,Asked of one-fifth sample,01/1/2020,Edison Research,"National Election Pool (ABC News, Associated Press, CBS, CNN, Fox News, NBC)",2016 National Exit Poll,11/8/2016,11/8/2016,Y,Exiting voters and absentee/early voters,4374,Telephone Interview; On-site Questionnaire,
31116396.00015,About the same,41,"Compared to four years ago, is your family’s financial situation better today, worse today, or about the same?",,Asked of one-fifth sample,01/1/2020,Edison Research,"National Election Pool (ABC News, Associated Press, CBS, CNN, Fox News, NBC)",2016 National Exit Poll,11/8/2016,11/8/2016,Y,Exiting voters and absentee/early voters,4374,Telephone Interview; On-site Questionnaire,
31116396.00015,Don't know/Refused,2,"Compared to four years ago, is your family’s financial situation better today, worse today, or about the same?",,Asked of one-fifth sample,01/1/2020,Edison Research,"National Election Pool (ABC News, Associated Press, CBS, CNN, Fox News, NBC)",2016 National Exit Poll,11/8/2016,11/8/2016,Y,Exiting voters and absentee/early voters,4374,Telephone Interview; On-site Questionnaire,
31116396.00016,Creates more US jobs,38,"Overall, would you say trade with other countries creates more United States jobs, takes away US jobs, or has no effect on US jobs?",,Asked of one-fifth sample,01/1/2020,Edison Research,"National Election Pool (ABC News, Associated Press, CBS, CNN, Fox News, NBC)",2016 National Exit Poll,11/8/2016,11/8/2016,Y,Exiting voters and absentee/early voters,4374,Telephone Interview; On-site Questionnaire,
31116396.00016,Takes away US jobs,42,"Overall, would you say trade with other countries creates more United States jobs, takes away US jobs, or has no effect on US jobs?",,Asked of one-fifth sample,01/1/2020,Edison Research,"National Election Pool (ABC News, Associated Press, CBS, CNN, Fox News, NBC)",2016 National Exit Poll,11/8/2016,11/8/2016,Y,Exiting voters and absentee/early voters,4374,Telephone Interview; On-site Questionnaire,
31116396.00016,Has no effect on US jobs,11,"Overall, would you say trade with other countries creates more United States jobs, takes away US jobs, or has no effect on US jobs?",,Asked of one-fifth sample,01/1/2020,Edison Research,"National Election Pool (ABC News, Associated Press, CBS, CNN, Fox News, NBC)",2016 National Exit Poll,11/8/2016,11/8/2016,Y,Exiting voters and absentee/early voters,4374,Telephone Interview; On-site Questionnaire,
31116396.00016,Don't know/Refused,9,"Overall, would you say trade with other countries creates more United States jobs, takes away US jobs, or has no effect on US jobs?",,Asked of one-fifth sample,01/1/2020,Edison Research,"National Election Pool (ABC News, Associated Press, CBS, CNN, Fox News, NBC)",2016 National Exit Poll,11/8/2016,11/8/2016,Y,Exiting voters and absentee/early voters,4374,Telephone Interview; On-site Questionnaire,
31116396.00018,"Hillary Clinton, the Democrat",47,"If these were the only two (2016) candidates for president on the ballot, for whom would have you have voted?...Hillary Clinton, the Democrat, Donald Trump, the Republican, would you not have voted",,Asked of two-fifths sample,01/1/2020,Edison Research,"National Election Pool (ABC News, Associated Press, CBS, CNN, Fox News, NBC)",2016 National Exit Poll,11/8/2016,11/8/2016,Y,Exiting voters and absentee/early voters,4374,Telephone Interview; On-site Questionnaire,
31116396.00018,"Donald Trump, the Republican",46,"If these were the only two (2016) candidates for president on the ballot, for whom would have you have voted?...Hillary Clinton, the Democrat, Donald Trump, the Republican, would you not have voted",,Asked of two-fifths sample,01/1/2020,Edison Research,"National Election Pool (ABC News, Associated Press, CBS, CNN, Fox News, NBC)",2016 National Exit Poll,11/8/2016,11/8/2016,Y,Exiting voters and absentee/early voters,4374,Telephone Interview; On-site Questionnaire,
31116396.00018,Would you not have voted,5,"If these were the only two (2016) candidates for president on the ballot, for whom would have you have voted?...Hillary Clinton, the Democrat, Donald Trump, the Republican, would you not have voted",,Asked of two-fifths sample,01/1/2020,Edison Research,"National Election Pool (ABC News, Associated Press, CBS, CNN, Fox News, NBC)",2016 National Exit Poll,11/8/2016,11/8/2016,Y,Exiting voters and absentee/early voters,4374,Telephone Interview; On-site Questionnaire,
31116396.00018,Don't know/Refused,2,"If these were the only two (2016) candidates for president on the ballot, for whom would have you have voted?...Hillary Clinton, the Democrat, Donald Trump, the Republican, would you not have voted",,Asked of two-fifths sample,01/1/2020,Edison Research,"National Election Pool (ABC News, Associated Press, CBS, CNN, Fox News, NBC)",2016 National Exit Poll,11/8/2016,11/8/2016,Y,Exiting voters and absentee/early voters,4374,Telephone Interview; On-site Questionnaire,
31116396.00021,Yes,38,Do you think Donald Trump is qualified to serve as president?,,Asked of one-fifth sample,01/1/2020,Edison Research,"National Election Pool (ABC News, Associated Press, CBS, CNN, Fox News, NBC)",2016 National Exit Poll,11/8/2016,11/8/2016,Y,Exiting voters and absentee/early voters,4374,Telephone Interview; On-site Questionnaire,
31116396.00021,No,61,Do you think Donald Trump is qualified to serve as president?,,Asked of one-fifth sample,01/1/2020,Edison Research,"National Election Pool (ABC News, Associated Press, CBS, CNN, Fox News, NBC)",2016 National Exit Poll,11/8/2016,11/8/2016,Y,Exiting voters and absentee/early voters,4374,Telephone Interview; On-site Questionnaire,
31116396.00021,Don't know/Refused,2,Do you think Donald Trump is qualified to serve as president?,,Asked of one-fifth sample,01/1/2020,Edison Research,"National Election Pool (ABC News, Associated Press, CBS, CNN, Fox News, NBC)",2016 National Exit Poll,11/8/2016,11/8/2016,Y,Exiting voters and absentee/early voters,4374,Telephone Interview; On-site Questionnaire,
31116396.00022,Did not go far enough,30,"Do you think the 2010 federal health care law, also known as Obamacare did not go far enough, was about right, or went too far?",,Asked of one-fifth sample,01/1/2020,Edison Research,"National Election Pool (ABC News, Associated Press, CBS, CNN, Fox News, NBC)",2016 National Exit Poll,11/8/2016,11/8/2016,Y,Exiting voters and absentee/early voters,4374,Telephone Interview; On-site Questionnaire,
31116396.00022,Was about right,18,"Do you think the 2010 federal health care law, also known as Obamacare did not go far enough, was about right, or went too far?",,Asked of one-fifth sample,01/1/2020,Edison Research,"National Election Pool (ABC News, Associated Press, CBS, CNN, Fox News, NBC)",2016 National Exit Poll,11/8/2016,11/8/2016,Y,Exiting voters and absentee/early voters,4374,Telephone Interview; On-site Questionnaire,
31116396.00022,Went too far,47,"Do you think the 2010 federal health care law, also known as Obamacare did not go far enough, was about right, or went too far?",,Asked of one-fifth sample,01/1/2020,Edison Research,"National Election Pool (ABC News, Associated Press, CBS, CNN, Fox News, NBC)",2016 National Exit Poll,11/8/2016,11/8/2016,Y,Exiting voters and absentee/early voters,4374,Telephone Interview; On-site Questionnaire,
31116396.00022,Don't know/Refused,5,"Do you think the 2010 federal health care law, also known as Obamacare did not go far enough, was about right, or went too far?",,Asked of one-fifth sample,01/1/2020,Edison Research,"National Election Pool (ABC News, Associated Press, CBS, CNN, Fox News, NBC)",2016 National Exit Poll,11/8/2016,11/8/2016,Y,Exiting voters and absentee/early voters,4374,Telephone Interview; On-site Questionnaire,
31116396.00049,In the last few days,8,"When did you finally decide for whom to vote in the (2016) presidential election?... In the last few days, in the last week, in October, in September, before that
",,Asked of one-fifth sample,01/1/2020,Edison Research,"National Election Pool (ABC News, Associated Press, CBS, CNN, Fox News, NBC)",2016 National Exit Poll,11/8/2016,11/8/2016,Y,Exiting voters and absentee/early voters,4374,Telephone Interview; On-site Questionnaire,
31116396.00049,In the last week,6,"When did you finally decide for whom to vote in the (2016) presidential election?... In the last few days, in the last week, in October, in September, before that
",,Asked of one-fifth sample,01/1/2020,Edison Research,"National Election Pool (ABC News, Associated Press, CBS, CNN, Fox News, NBC)",2016 National Exit Poll,11/8/2016,11/8/2016,Y,Exiting voters and absentee/early voters,4374,Telephone Interview; On-site Questionnaire,
31116396.00049,In October,13,"When did you finally decide for whom to vote in the (2016) presidential election?... In the last few days, in the last week, in October, in September, before that
",,Asked of one-fifth sample,01/1/2020,Edison Research,"National Election Pool (ABC News, Associated Press, CBS, CNN, Fox News, NBC)",2016 National Exit Poll,11/8/2016,11/8/2016,Y,Exiting voters and absentee/early voters,4374,Telephone Interview; On-site Questionnaire,
31116396.00049,In September,12,"When did you finally decide for whom to vote in the (2016) presidential election?... In the last few days, in the last week, in October, in September, before that
",,Asked of one-fifth sample,01/1/2020,Edison Research,"National Election Pool (ABC News, Associated Press, CBS, CNN, Fox News, NBC)",2016 National Exit Poll,11/8/2016,11/8/2016,Y,Exiting voters and absentee/early voters,4374,Telephone Interview; On-site Questionnaire,
31116396.00049,Before that,60,"When did you finally decide for whom to vote in the (2016) presidential election?... In the last few days, in the last week, in October, in September, before that
",,Asked of one-fifth sample,01/1/2020,Edison Research,"National Election Pool (ABC News, Associated Press, CBS, CNN, Fox News, NBC)",2016 National Exit Poll,11/8/2016,11/8/2016,Y,Exiting voters and absentee/early voters,4374,Telephone Interview; On-site Questionnaire,
31116396.00049,Don't know/Refused,2,"When did you finally decide for whom to vote in the (2016) presidential election?... In the last few days, in the last week, in October, in September, before that
",,Asked of one-fifth sample,01/1/2020,Edison Research,"National Election Pool (ABC News, Associated Press, CBS, CNN, Fox News, NBC)",2016 National Exit Poll,11/8/2016,11/8/2016,Y,Exiting voters and absentee/early voters,4374,Telephone Interview; On-site Questionnaire,
31116396.00000,"Hillary Clinton, the Democrat",48,"Who did you vote for in the election (2016) for president?...Hillary Clinton, the Democrat, Donald Trump, the Republican, Gary Johnson, the Libertarian, Jill Stein, of the Green Party",,,01/1/2020,Edison Research,"National Election Pool (ABC News, Associated Press, CBS, CNN, Fox News, NBC)",2016 National Exit Poll,11/8/2016,11/8/2016,Y,Exiting voters and absentee/early voters,4374,Telephone Interview; On-site Questionnaire,
31116396.00000,"Donald Trump, the Republican",46,"Who did you vote for in the election (2016) for president?...Hillary Clinton, the Democrat, Donald Trump, the Republican, Gary Johnson, the Libertarian, Jill Stein, of the Green Party",,,01/1/2020,Edison Research,"National Election Pool (ABC News, Associated Press, CBS, CNN, Fox News, NBC)",2016 National Exit Poll,11/8/2016,11/8/2016,Y,Exiting voters and absentee/early voters,4374,Telephone Interview; On-site Questionnaire,
31116396.00000,"Gary Johnson, the Libertarian",3,"Who did you vote for in the election (2016) for president?...Hillary Clinton, the Democrat, Donald Trump, the Republican, Gary Johnson, the Libertarian, Jill Stein, of the Green Party",,,01/1/2020,Edison Research,"National Election Pool (ABC News, Associated Press, CBS, CNN, Fox News, NBC)",2016 National Exit Poll,11/8/2016,11/8/2016,Y,Exiting voters and absentee/early voters,4374,Telephone Interview; On-site Questionnaire,
31116396.00000,"Jill Stein, of the Green Party",1,"Who did you vote for in the election (2016) for president?...Hillary Clinton, the Democrat, Donald Trump, the Republican, Gary Johnson, the Libertarian, Jill Stein, of the Green Party",,,01/1/2020,Edison Research,"National Election Pool (ABC News, Associated Press, CBS, CNN, Fox News, NBC)",2016 National Exit Poll,11/8/2016,11/8/2016,Y,Exiting voters and absentee/early voters,4374,Telephone Interview; On-site Questionnaire,
31116396.00000,Another candidate (Vol.),1,"Who did you vote for in the election (2016) for president?...Hillary Clinton, the Democrat, Donald Trump, the Republican, Gary Johnson, the Libertarian, Jill Stein, of the Green Party",,,01/1/2020,Edison Research,"National Election Pool (ABC News, Associated Press, CBS, CNN, Fox News, NBC)",2016 National Exit Poll,11/8/2016,11/8/2016,Y,Exiting voters and absentee/early voters,4374,Telephone Interview; On-site Questionnaire,
31116396.00001,The Democratic candidate,47,"Who did you vote for in the (2016) election for United States House of Representatives?...The Democratic candidate, the Republican candidate",,,01/1/2020,Edison Research,"National Election Pool (ABC News, Associated Press, CBS, CNN, Fox News, NBC)",2016 National Exit Poll,11/8/2016,11/8/2016,Y,Exiting voters and absentee/early voters,4374,Telephone Interview; On-site Questionnaire,
31116396.00001,The Republican candidate,49,"Who did you vote for in the (2016) election for United States House of Representatives?...The Democratic candidate, the Republican candidate",,,01/1/2020,Edison Research,"National Election Pool (ABC News, Associated Press, CBS, CNN, Fox News, NBC)",2016 National Exit Poll,11/8/2016,11/8/2016,Y,Exiting voters and absentee/early voters,4374,Telephone Interview; On-site Questionnaire,
31116396.00001,Another candidate (Vol.),2,"Who did you vote for in the (2016) election for United States House of Representatives?...The Democratic candidate, the Republican candidate",,,01/1/2020,Edison Research,"National Election Pool (ABC News, Associated Press, CBS, CNN, Fox News, NBC)",2016 National Exit Poll,11/8/2016,11/8/2016,Y,Exiting voters and absentee/early voters,4374,Telephone Interview; On-site Questionnaire,
31116396.00001,Did not vote for US House (Vol.),2,"Who did you vote for in the (2016) election for United States House of Representatives?...The Democratic candidate, the Republican candidate",,,01/1/2020,Edison Research,"National Election Pool (ABC News, Associated Press, CBS, CNN, Fox News, NBC)",2016 National Exit Poll,11/8/2016,11/8/2016,Y,Exiting voters and absentee/early voters,4374,Telephone Interview; On-site Questionnaire,
31116396.00006,Strongly approve,33,"Do you approve or disapprove of the way Barack Obama is handling his job as president? Would you say you strongly approve, somewhat approve, somewhat disapprove, or strongly disapprove?",,Asked of one-fifth sample,01/1/2020,Edison Research,"National Election Pool (ABC News, Associated Press, CBS, CNN, Fox News, NBC)",2016 National Exit Poll,11/8/2016,11/8/2016,Y,Exiting voters and absentee/early voters,4374,Telephone Interview; On-site Questionnaire,
31116396.00006,Somewhat approve,21,"Do you approve or disapprove of the way Barack Obama is handling his job as president? Would you say you strongly approve, somewhat approve, somewhat disapprove, or strongly disapprove?",,Asked of one-fifth sample,01/1/2020,Edison Research,"National Election Pool (ABC News, Associated Press, CBS, CNN, Fox News, NBC)",2016 National Exit Poll,11/8/2016,11/8/2016,Y,Exiting voters and absentee/early voters,4374,Telephone Interview; On-site Questionnaire,
31116396.00006,Somewhat disapprove,12,"Do you approve or disapprove of the way Barack Obama is handling his job as president? Would you say you strongly approve, somewhat approve, somewhat disapprove, or strongly disapprove?",,Asked of one-fifth sample,01/1/2020,Edison Research,"National Election Pool (ABC News, Associated Press, CBS, CNN, Fox News, NBC)",2016 National Exit Poll,11/8/2016,11/8/2016,Y,Exiting voters and absentee/early voters,4374,Telephone Interview; On-site Questionnaire,
31116396.00006,Strongly disapprove,33,"Do you approve or disapprove of the way Barack Obama is handling his job as president? Would you say you strongly approve, somewhat approve, somewhat disapprove, or strongly disapprove?",,Asked of one-fifth sample,01/1/2020,Edison Research,"National Election Pool (ABC News, Associated Press, CBS, CNN, Fox News, NBC)",2016 National Exit Poll,11/8/2016,11/8/2016,Y,Exiting voters and absentee/early voters,4374,Telephone Interview; On-site Questionnaire,
31116396.00006,Don't know/Refused,1,"Do you approve or disapprove of the way Barack Obama is handling his job as president? Would you say you strongly approve, somewhat approve, somewhat disapprove, or strongly disapprove?",,Asked of one-fifth sample,01/1/2020,Edison Research,"National Election Pool (ABC News, Associated Press, CBS, CNN, Fox News, NBC)",2016 National Exit Poll,11/8/2016,11/8/2016,Y,Exiting voters and absentee/early voters,4374,Telephone Interview; On-site Questionnaire,
31116396.00007,You strongly favor your candidate,41,"Which of these best describes your (2016) vote for President?...You strongly favor your candidate, you like your candidate but with reservations, you dislike the other candidates",,Asked of one-fifth sample,01/1/2020,Edison Research,"National Election Pool (ABC News, Associated Press, CBS, CNN, Fox News, NBC)",2016 National Exit Poll,11/8/2016,11/8/2016,Y,Exiting voters and absentee/early voters,4374,Telephone Interview; On-site Questionnaire,
31116396.00007,You like your candidate but with reservations,31,"Which of these best describes your (2016) vote for President?...You strongly favor your candidate, you like your candidate but with reservations, you dislike the other candidates",,Asked of one-fifth sample,01/1/2020,Edison Research,"National Election Pool (ABC News, Associated Press, CBS, CNN, Fox News, NBC)",2016 National Exit Poll,11/8/2016,11/8/2016,Y,Exiting voters and absentee/early voters,4374,Telephone Interview; On-site Questionnaire,
31116396.00007,You dislike the other candidates,26,"Which of these best describes your (2016) vote for President?...You strongly favor your candidate, you like your candidate but with reservations, you dislike the other candidates",,Asked of one-fifth sample,01/1/2020,Edison Research,"National Election Pool (ABC News, Associated Press, CBS, CNN, Fox News, NBC)",2016 National Exit Poll,11/8/2016,11/8/2016,Y,Exiting voters and absentee/early voters,4374,Telephone Interview; On-site Questionnaire,
31116396.00007,Don't know/Refused,2,"Which of these best describes your (2016) vote for President?...You strongly favor your candidate, you like your candidate but with reservations, you dislike the other candidates",,Asked of one-fifth sample,01/1/2020,Edison Research,"National Election Pool (ABC News, Associated Press, CBS, CNN, Fox News, NBC)",2016 National Exit Poll,11/8/2016,11/8/2016,Y,Exiting voters and absentee/early voters,4374,Telephone Interview; On-site Questionnaire,
31116396.00009,Yes,36,Do you think Hillary Clinton is honest and trustworthy?,,Asked of one-fifth sample,01/1/2020,Edison Research,"National Election Pool (ABC News, Associated Press, CBS, CNN, Fox News, NBC)",2016 National Exit Poll,11/8/2016,11/8/2016,Y,Exiting voters and absentee/early voters,4374,Telephone Interview; On-site Questionnaire,
31116396.00009,No,61,Do you think Hillary Clinton is honest and trustworthy?,,Asked of one-fifth sample,01/1/2020,Edison Research,"National Election Pool (ABC News, Associated Press, CBS, CNN, Fox News, NBC)",2016 National Exit Poll,11/8/2016,11/8/2016,Y,Exiting voters and absentee/early voters,4374,Telephone Interview; On-site Questionnaire,
31116396.00009,Don't know/Refused,3,Do you think Hillary Clinton is honest and trustworthy?,,Asked of one-fifth sample,01/1/2020,Edison Research,"National Election Pool (ABC News, Associated Press, CBS, CNN, Fox News, NBC)",2016 National Exit Poll,11/8/2016,11/8/2016,Y,Exiting voters and absentee/early voters,4374,Telephone Interview; On-site Questionnaire,
31116396.00013,Yes,54,Do you think Hillary Clinton has the temperament to serve effectively as president?,,Asked of one-fifth sample,01/1/2020,Edison Research,"National Election Pool (ABC News, Associated Press, CBS, CNN, Fox News, NBC)",2016 National Exit Poll,11/8/2016,11/8/2016,Y,Exiting voters and absentee/early voters,4374,Telephone Interview; On-site Questionnaire,
31116396.00013,No,44,Do you think Hillary Clinton has the temperament to serve effectively as president?,,Asked of one-fifth sample,01/1/2020,Edison Research,"National Election Pool (ABC News, Associated Press, CBS, CNN, Fox News, NBC)",2016 National Exit Poll,11/8/2016,11/8/2016,Y,Exiting voters and absentee/early voters,4374,Telephone Interview; On-site Questionnaire,
31116396.00013,Don't know/Refused,2,Do you think Hillary Clinton has the temperament to serve effectively as president?,,Asked of one-fifth sample,01/1/2020,Edison Research,"National Election Pool (ABC News, Associated Press, CBS, CNN, Fox News, NBC)",2016 National Exit Poll,11/8/2016,11/8/2016,Y,Exiting voters and absentee/early voters,4374,Telephone Interview; On-site Questionnaire,
31116396.00017,Offered a chance to apply for legal status,70,"Should most illegal immigrants working in the United States be offered a chance to apply for legal status, or deported to the country they came from?",,Asked of one-fifth sample,01/1/2020,Edison Research,"National Election Pool (ABC News, Associated Press, CBS, CNN, Fox News, NBC)",2016 National Exit Poll,11/8/2016,11/8/2016,Y,Exiting voters and absentee/early voters,4374,Telephone Interview; On-site Questionnaire,
31116396.00017,Deported to the country they came from,25,"Should most illegal immigrants working in the United States be offered a chance to apply for legal status, or deported to the country they came from?",,Asked of one-fifth sample,01/1/2020,Edison Research,"National Election Pool (ABC News, Associated Press, CBS, CNN, Fox News, NBC)",2016 National Exit Poll,11/8/2016,11/8/2016,Y,Exiting voters and absentee/early voters,4374,Telephone Interview; On-site Questionnaire,
31116396.00017,Don't know/Refused,5,"Should most illegal immigrants working in the United States be offered a chance to apply for legal status, or deported to the country they came from?",,Asked of one-fifth sample,01/1/2020,Edison Research,"National Election Pool (ABC News, Associated Press, CBS, CNN, Fox News, NBC)",2016 National Exit Poll,11/8/2016,11/8/2016,Y,Exiting voters and absentee/early voters,4374,Telephone Interview; On-site Questionnaire,
31116396.00019,Government should do more to solve problems,45,"Which is closer to your view?...Government should do more to solve problems, government is doing too many things better left to businesses and individuals",,Asked of one-fifth sample,01/1/2020,Edison Research,"National Election Pool (ABC News, Associated Press, CBS, CNN, Fox News, NBC)",2016 National Exit Poll,11/8/2016,11/8/2016,Y,Exiting voters and absentee/early voters,4374,Telephone Interview; On-site Questionnaire,
31116396.00019,Government is doing too many things better left to businesses and individuals,50,"Which is closer to your view?...Government should do more to solve problems, government is doing too many things better left to businesses and individuals",,Asked of one-fifth sample,01/1/2020,Edison Research,"National Election Pool (ABC News, Associated Press, CBS, CNN, Fox News, NBC)",2016 National Exit Poll,11/8/2016,11/8/2016,Y,Exiting voters and absentee/early voters,4374,Telephone Interview; On-site Questionnaire,
31116396.00019,Don't know/Refused,6,"Which is closer to your view?...Government should do more to solve problems, government is doing too many things better left to businesses and individuals",,Asked of one-fifth sample,01/1/2020,Edison Research,"National Election Pool (ABC News, Associated Press, CBS, CNN, Fox News, NBC)",2016 National Exit Poll,11/8/2016,11/8/2016,Y,Exiting voters and absentee/early voters,4374,Telephone Interview; On-site Questionnaire,
31116396.00020,Yes,52,Do you think Hillary Clinton is qualified to serve as president?,,Asked of one-fifth sample,01/1/2020,Edison Research,"National Election Pool (ABC News, Associated Press, CBS, CNN, Fox News, NBC)",2016 National Exit Poll,11/8/2016,11/8/2016,Y,Exiting voters and absentee/early voters,4374,Telephone Interview; On-site Questionnaire,
31116396.00020,No,47,Do you think Hillary Clinton is qualified to serve as president?,,Asked of one-fifth sample,01/1/2020,Edison Research,"National Election Pool (ABC News, Associated Press, CBS, CNN, Fox News, NBC)",2016 National Exit Poll,11/8/2016,11/8/2016,Y,Exiting voters and absentee/early voters,4374,Telephone Interview; On-site Questionnaire,
31116396.00020,Don't know/Refused,1,Do you think Hillary Clinton is qualified to serve as president?,,Asked of one-fifth sample,01/1/2020,Edison Research,"National Election Pool (ABC News, Associated Press, CBS, CNN, Fox News, NBC)",2016 National Exit Poll,11/8/2016,11/8/2016,Y,Exiting voters and absentee/early voters,4374,Telephone Interview; On-site Questionnaire,
31116396.00023,Continue Barack Obama's policies,28,"Should the next president continue Barack Obama's policies, change to more conservative policies, or change to more liberal policies?",,Asked of one-fifth sample,01/1/2020,Edison Research,"National Election Pool (ABC News, Associated Press, CBS, CNN, Fox News, NBC)",2016 National Exit Poll,11/8/2016,11/8/2016,Y,Exiting voters and absentee/early voters,4374,Telephone Interview; On-site Questionnaire,
31116396.00023,Change to more conservative policies,47,"Should the next president continue Barack Obama's policies, change to more conservative policies, or change to more liberal policies?",,Asked of one-fifth sample,01/1/2020,Edison Research,"National Election Pool (ABC News, Associated Press, CBS, CNN, Fox News, NBC)",2016 National Exit Poll,11/8/2016,11/8/2016,Y,Exiting voters and absentee/early voters,4374,Telephone Interview; On-site Questionnaire,
31116396.00023,Change to more liberal policies,18,"Should the next president continue Barack Obama's policies, change to more conservative policies, or change to more liberal policies?",,Asked of one-fifth sample,01/1/2020,Edison Research,"National Election Pool (ABC News, Associated Press, CBS, CNN, Fox News, NBC)",2016 National Exit Poll,11/8/2016,11/8/2016,Y,Exiting voters and absentee/early voters,4374,Telephone Interview; On-site Questionnaire,
31116396.00023,Don't know/Refused,7,"Should the next president continue Barack Obama's policies, change to more conservative policies, or change to more liberal policies?",,Asked of one-fifth sample,01/1/2020,Edison Research,"National Election Pool (ABC News, Associated Press, CBS, CNN, Fox News, NBC)",2016 National Exit Poll,11/8/2016,11/8/2016,Y,Exiting voters and absentee/early voters,4374,Telephone Interview; On-site Questionnaire,
31116396.00025,Hillary Clinton,46,"Who would better handle the economy?...Hillary Clinton, Donald Trump",,Asked of one-fifth sample,01/1/2020,Edison Research,"National Election Pool (ABC News, Associated Press, CBS, CNN, Fox News, NBC)",2016 National Exit Poll,11/8/2016,11/8/2016,Y,Exiting voters and absentee/early voters,4374,Telephone Interview; On-site Questionnaire,
31116396.00025,Donald Trump,48,"Who would better handle the economy?...Hillary Clinton, Donald Trump",,Asked of one-fifth sample,01/1/2020,Edison Research,"National Election Pool (ABC News, Associated Press, CBS, CNN, Fox News, NBC)",2016 National Exit Poll,11/8/2016,11/8/2016,Y,Exiting voters and absentee/early voters,4374,Telephone Interview; On-site Questionnaire,
31116396.00025,Don't know/Refused,7,"Who would better handle the economy?...Hillary Clinton, Donald Trump",,Asked of one-fifth sample,01/1/2020,Edison Research,"National Election Pool (ABC News, Associated Press, CBS, CNN, Fox News, NBC)",2016 National Exit Poll,11/8/2016,11/8/2016,Y,Exiting voters and absentee/early voters,4374,Telephone Interview; On-site Questionnaire,
31116396.00026,Hillary Clinton,53,"Who would better handle foreign policy?...Hillary Clinton, Donald Trump",,Asked of one-fifth sample,01/1/2020,Edison Research,"National Election Pool (ABC News, Associated Press, CBS, CNN, Fox News, NBC)",2016 National Exit Poll,11/8/2016,11/8/2016,Y,Exiting voters and absentee/early voters,4374,Telephone Interview; On-site Questionnaire,
31116396.00026,Donald Trump,42,"Who would better handle foreign policy?...Hillary Clinton, Donald Trump",,Asked of one-fifth sample,01/1/2020,Edison Research,"National Election Pool (ABC News, Associated Press, CBS, CNN, Fox News, NBC)",2016 National Exit Poll,11/8/2016,11/8/2016,Y,Exiting voters and absentee/early voters,4374,Telephone Interview; On-site Questionnaire,
31116396.00026,Don't know/Refused,6,"Who would better handle foreign policy?...Hillary Clinton, Donald Trump",,Asked of one-fifth sample,01/1/2020,Edison Research,"National Election Pool (ABC News, Associated Press, CBS, CNN, Fox News, NBC)",2016 National Exit Poll,11/8/2016,11/8/2016,Y,Exiting voters and absentee/early voters,4374,Telephone Interview; On-site Questionnaire,
31116396.00028,Favorable,39,"Is your opinion of the Republican Party favorable, or unfavorable?",,Asked of one-fifth sample,01/1/2020,Edison Research,"National Election Pool (ABC News, Associated Press, CBS, CNN, Fox News, NBC)",2016 National Exit Poll,11/8/2016,11/8/2016,Y,Exiting voters and absentee/early voters,4374,Telephone Interview; On-site Questionnaire,
31116396.00028,Unfavorable,55,"Is your opinion of the Republican Party favorable, or unfavorable?",,Asked of one-fifth sample,01/1/2020,Edison Research,"National Election Pool (ABC News, Associated Press, CBS, CNN, Fox News, NBC)",2016 National Exit Poll,11/8/2016,11/8/2016,Y,Exiting voters and absentee/early voters,4374,Telephone Interview; On-site Questionnaire,
31116396.00028,Don't know/Refused,5,"Is your opinion of the Republican Party favorable, or unfavorable?",,Asked of one-fifth sample,01/1/2020,Edison Research,"National Election Pool (ABC News, Associated Press, CBS, CNN, Fox News, NBC)",2016 National Exit Poll,11/8/2016,11/8/2016,Y,Exiting voters and absentee/early voters,4374,Telephone Interview; On-site Questionnaire,
31116396.00029,Support,41,"How do you feel about building a wall along the United States border with Mexico?...Support, oppose",,Asked of one-fifth sample,01/1/2020,Edison Research,"National Election Pool (ABC News, Associated Press, CBS, CNN, Fox News, NBC)",2016 National Exit Poll,11/8/2016,11/8/2016,Y,Exiting voters and absentee/early voters,4374,Telephone Interview; On-site Questionnaire,
31116396.00029,Oppose,54,"How do you feel about building a wall along the United States border with Mexico?...Support, oppose",,Asked of one-fifth sample,01/1/2020,Edison Research,"National Election Pool (ABC News, Associated Press, CBS, CNN, Fox News, NBC)",2016 National Exit Poll,11/8/2016,11/8/2016,Y,Exiting voters and absentee/early voters,4374,Telephone Interview; On-site Questionnaire,
31116396.00029,Don't know/Refused,5,"How do you feel about building a wall along the United States border with Mexico?...Support, oppose",,Asked of one-fifth sample,01/1/2020,Edison Research,"National Election Pool (ABC News, Associated Press, CBS, CNN, Fox News, NBC)",2016 National Exit Poll,11/8/2016,11/8/2016,Y,Exiting voters and absentee/early voters,4374,Telephone Interview; On-site Questionnaire,
31116396.00027,Favorable,47,"Is your opinion of the Democratic Party favorable, or unfavorable?",,Asked of one-fifth sample,01/1/2020,Edison Research,"National Election Pool (ABC News, Associated Press, CBS, CNN, Fox News, NBC)",2016 National Exit Poll,11/8/2016,11/8/2016,Y,Exiting voters and absentee/early voters,4374,Telephone Interview; On-site Questionnaire,
31116396.00027,Unfavorable,49,"Is your opinion of the Democratic Party favorable, or unfavorable?",,Asked of one-fifth sample,01/1/2020,Edison Research,"National Election Pool (ABC News, Associated Press, CBS, CNN, Fox News, NBC)",2016 National Exit Poll,11/8/2016,11/8/2016,Y,Exiting voters and absentee/early voters,4374,Telephone Interview; On-site Questionnaire,
31116396.00027,Don't know/Refused,5,"Is your opinion of the Democratic Party favorable, or unfavorable?",,Asked of one-fifth sample,01/1/2020,Edison Research,"National Election Pool (ABC News, Associated Press, CBS, CNN, Fox News, NBC)",2016 National Exit Poll,11/8/2016,11/8/2016,Y,Exiting voters and absentee/early voters,4374,Telephone Interview; On-site Questionnaire,
31116396.00031,Excited,17,"If Hillary Clinton is elected president, would you feel excited, optimistic, concerned, or scared?",,Asked of one-fifth sample,01/1/2020,Edison Research,"National Election Pool (ABC News, Associated Press, CBS, CNN, Fox News, NBC)",2016 National Exit Poll,11/8/2016,11/8/2016,Y,Exiting voters and absentee/early voters,4374,Telephone Interview; On-site Questionnaire,
31116396.00031,Optimistic,27,"If Hillary Clinton is elected president, would you feel excited, optimistic, concerned, or scared?",,Asked of one-fifth sample,01/1/2020,Edison Research,"National Election Pool (ABC News, Associated Press, CBS, CNN, Fox News, NBC)",2016 National Exit Poll,11/8/2016,11/8/2016,Y,Exiting voters and absentee/early voters,4374,Telephone Interview; On-site Questionnaire,
31116396.00031,Concerned,24,"If Hillary Clinton is elected president, would you feel excited, optimistic, concerned, or scared?",,Asked of one-fifth sample,01/1/2020,Edison Research,"National Election Pool (ABC News, Associated Press, CBS, CNN, Fox News, NBC)",2016 National Exit Poll,11/8/2016,11/8/2016,Y,Exiting voters and absentee/early voters,4374,Telephone Interview; On-site Questionnaire,
31116396.00031,Scared,29,"If Hillary Clinton is elected president, would you feel excited, optimistic, concerned, or scared?",,Asked of one-fifth sample,01/1/2020,Edison Research,"National Election Pool (ABC News, Associated Press, CBS, CNN, Fox News, NBC)",2016 National Exit Poll,11/8/2016,11/8/2016,Y,Exiting voters and absentee/early voters,4374,Telephone Interview; On-site Questionnaire,
31116396.00031,Don't know/Refused,4,"If Hillary Clinton is elected president, would you feel excited, optimistic, concerned, or scared?",,Asked of one-fifth sample,01/1/2020,Edison Research,"National Election Pool (ABC News, Associated Press, CBS, CNN, Fox News, NBC)",2016 National Exit Poll,11/8/2016,11/8/2016,Y,Exiting voters and absentee/early voters,4374,Telephone Interview; On-site Questionnaire,
31116396.00032,Excited,13,"If Donald Trump is elected president, would you feel excited, optimistic, concerned, or scared?",,Asked of one-fifth sample,01/1/2020,Edison Research,"National Election Pool (ABC News, Associated Press, CBS, CNN, Fox News, NBC)",2016 National Exit Poll,11/8/2016,11/8/2016,Y,Exiting voters and absentee/early voters,4374,Telephone Interview; On-site Questionnaire,
31116396.00032,Optimistic,26,"If Donald Trump is elected president, would you feel excited, optimistic, concerned, or scared?",,Asked of one-fifth sample,01/1/2020,Edison Research,"National Election Pool (ABC News, Associated Press, CBS, CNN, Fox News, NBC)",2016 National Exit Poll,11/8/2016,11/8/2016,Y,Exiting voters and absentee/early voters,4374,Telephone Interview; On-site Questionnaire,
31116396.00032,Concerned,21,"If Donald Trump is elected president, would you feel excited, optimistic, concerned, or scared?",,Asked of one-fifth sample,01/1/2020,Edison Research,"National Election Pool (ABC News, Associated Press, CBS, CNN, Fox News, NBC)",2016 National Exit Poll,11/8/2016,11/8/2016,Y,Exiting voters and absentee/early voters,4374,Telephone Interview; On-site Questionnaire,
31116396.00032,Scared,37,"If Donald Trump is elected president, would you feel excited, optimistic, concerned, or scared?",,Asked of one-fifth sample,01/1/2020,Edison Research,"National Election Pool (ABC News, Associated Press, CBS, CNN, Fox News, NBC)",2016 National Exit Poll,11/8/2016,11/8/2016,Y,Exiting voters and absentee/early voters,4374,Telephone Interview; On-site Questionnaire,
31116396.00032,Don't know/Refused,3,"If Donald Trump is elected president, would you feel excited, optimistic, concerned, or scared?",,Asked of one-fifth sample,01/1/2020,Edison Research,"National Election Pool (ABC News, Associated Press, CBS, CNN, Fox News, NBC)",2016 National Exit Poll,11/8/2016,11/8/2016,Y,Exiting voters and absentee/early voters,4374,Telephone Interview; On-site Questionnaire,
31116396.00033,Yes,13,Have you ever served in the United States military?,,Asked of one-fifth sample,01/1/2020,Edison Research,"National Election Pool (ABC News, Associated Press, CBS, CNN, Fox News, NBC)",2016 National Exit Poll,11/8/2016,11/8/2016,Y,Exiting voters and absentee/early voters,4374,Telephone Interview; On-site Questionnaire,
31116396.00033,No,87,Have you ever served in the United States military?,,Asked of one-fifth sample,01/1/2020,Edison Research,"National Election Pool (ABC News, Associated Press, CBS, CNN, Fox News, NBC)",2016 National Exit Poll,11/8/2016,11/8/2016,Y,Exiting voters and absentee/early voters,4374,Telephone Interview; On-site Questionnaire,
31116396.00034,Better than life today,37,"Do you expect life for the next generation of Americans to be better than life today, worse than life today, or about the same?",,Asked of one-fifth sample,01/1/2020,Edison Research,"National Election Pool (ABC News, Associated Press, CBS, CNN, Fox News, NBC)",2016 National Exit Poll,11/8/2016,11/8/2016,Y,Exiting voters and absentee/early voters,4374,Telephone Interview; On-site Questionnaire,
31116396.00034,Worse than life today,34,"Do you expect life for the next generation of Americans to be better than life today, worse than life today, or about the same?",,Asked of one-fifth sample,01/1/2020,Edison Research,"National Election Pool (ABC News, Associated Press, CBS, CNN, Fox News, NBC)",2016 National Exit Poll,11/8/2016,11/8/2016,Y,Exiting voters and absentee/early voters,4374,Telephone Interview; On-site Questionnaire,
31116396.00034,About the same,25,"Do you expect life for the next generation of Americans to be better than life today, worse than life today, or about the same?",,Asked of one-fifth sample,01/1/2020,Edison Research,"National Election Pool (ABC News, Associated Press, CBS, CNN, Fox News, NBC)",2016 National Exit Poll,11/8/2016,11/8/2016,Y,Exiting voters and absentee/early voters,4374,Telephone Interview; On-site Questionnaire,
31116396.00034,Don't know/Refused,5,"Do you expect life for the next generation of Americans to be better than life today, worse than life today, or about the same?",,Asked of one-fifth sample,01/1/2020,Edison Research,"National Election Pool (ABC News, Associated Press, CBS, CNN, Fox News, NBC)",2016 National Exit Poll,11/8/2016,11/8/2016,Y,Exiting voters and absentee/early voters,4374,Telephone Interview; On-site Questionnaire,
31116396.00035,Very well,6,"In the fight against ISIS (Islamic militants operating in Syria and Iraq), is the United States doing very well, somewhat well, somewhat badly, or very badly?",,Asked of one-fifth sample,01/1/2020,Edison Research,"National Election Pool (ABC News, Associated Press, CBS, CNN, Fox News, NBC)",2016 National Exit Poll,11/8/2016,11/8/2016,Y,Exiting voters and absentee/early voters,4374,Telephone Interview; On-site Questionnaire,
31116396.00035,Somewhat well,36,"In the fight against ISIS (Islamic militants operating in Syria and Iraq), is the United States doing very well, somewhat well, somewhat badly, or very badly?",,Asked of one-fifth sample,01/1/2020,Edison Research,"National Election Pool (ABC News, Associated Press, CBS, CNN, Fox News, NBC)",2016 National Exit Poll,11/8/2016,11/8/2016,Y,Exiting voters and absentee/early voters,4374,Telephone Interview; On-site Questionnaire,
31116396.00035,Somewhat badly,28,"In the fight against ISIS (Islamic militants operating in Syria and Iraq), is the United States doing very well, somewhat well, somewhat badly, or very badly?",,Asked of one-fifth sample,01/1/2020,Edison Research,"National Election Pool (ABC News, Associated Press, CBS, CNN, Fox News, NBC)",2016 National Exit Poll,11/8/2016,11/8/2016,Y,Exiting voters and absentee/early voters,4374,Telephone Interview; On-site Questionnaire,
31116396.00035,Very badly,24,"In the fight against ISIS (Islamic militants operating in Syria and Iraq), is the United States doing very well, somewhat well, somewhat badly, or very badly?",,Asked of one-fifth sample,01/1/2020,Edison Research,"National Election Pool (ABC News, Associated Press, CBS, CNN, Fox News, NBC)",2016 National Exit Poll,11/8/2016,11/8/2016,Y,Exiting voters and absentee/early voters,4374,Telephone Interview; On-site Questionnaire,
31116396.00035,Don't know/Refused,6,"In the fight against ISIS (Islamic militants operating in Syria and Iraq), is the United States doing very well, somewhat well, somewhat badly, or very badly?",,Asked of one-fifth sample,01/1/2020,Edison Research,"National Election Pool (ABC News, Associated Press, CBS, CNN, Fox News, NBC)",2016 National Exit Poll,11/8/2016,11/8/2016,Y,Exiting voters and absentee/early voters,4374,Telephone Interview; On-site Questionnaire,
31116396.00036,The most important factor,22,"In deciding your vote for president, were appointments to the Supreme Court the most important factor, an important factor, a minor factor, or not a factor at all?",,Asked of one-fifth sample,01/1/2020,Edison Research,"National Election Pool (ABC News, Associated Press, CBS, CNN, Fox News, NBC)",2016 National Exit Poll,11/8/2016,11/8/2016,Y,Exiting voters and absentee/early voters,4374,Telephone Interview; On-site Questionnaire,
31116396.00036,An important factor,48,"In deciding your vote for president, were appointments to the Supreme Court the most important factor, an important factor, a minor factor, or not a factor at all?",,Asked of one-fifth sample,01/1/2020,Edison Research,"National Election Pool (ABC News, Associated Press, CBS, CNN, Fox News, NBC)",2016 National Exit Poll,11/8/2016,11/8/2016,Y,Exiting voters and absentee/early voters,4374,Telephone Interview; On-site Questionnaire,
31116396.00036,A minor factor,14,"In deciding your vote for president, were appointments to the Supreme Court the most important factor, an important factor, a minor factor, or not a factor at all?",,Asked of one-fifth sample,01/1/2020,Edison Research,"National Election Pool (ABC News, Associated Press, CBS, CNN, Fox News, NBC)",2016 National Exit Poll,11/8/2016,11/8/2016,Y,Exiting voters and absentee/early voters,4374,Telephone Interview; On-site Questionnaire,
31116396.00036,Not a factor at all,14,"In deciding your vote for president, were appointments to the Supreme Court the most important factor, an important factor, a minor factor, or not a factor at all?",,Asked of one-fifth sample,01/1/2020,Edison Research,"National Election Pool (ABC News, Associated Press, CBS, CNN, Fox News, NBC)",2016 National Exit Poll,11/8/2016,11/8/2016,Y,Exiting voters and absentee/early voters,4374,Telephone Interview; On-site Questionnaire,
31116396.00036,Don't know/Refused,3,"In deciding your vote for president, were appointments to the Supreme Court the most important factor, an important factor, a minor factor, or not a factor at all?",,Asked of one-fifth sample,01/1/2020,Edison Research,"National Election Pool (ABC News, Associated Press, CBS, CNN, Fox News, NBC)",2016 National Exit Poll,11/8/2016,11/8/2016,Y,Exiting voters and absentee/early voters,4374,Telephone Interview; On-site Questionnaire,
31116396.00039,A lot,50,"Does Donald Trump’s treatment of women bother you a lot, some, not much, or not at all?",,Asked of one-fifth sample,01/1/2020,Edison Research,"National Election Pool (ABC News, Associated Press, CBS, CNN, Fox News, NBC)",2016 National Exit Poll,11/8/2016,11/8/2016,Y,Exiting voters and absentee/early voters,4374,Telephone Interview; On-site Questionnaire,
31116396.00039,Some,21,"Does Donald Trump’s treatment of women bother you a lot, some, not much, or not at all?",,Asked of one-fifth sample,01/1/2020,Edison Research,"National Election Pool (ABC News, Associated Press, CBS, CNN, Fox News, NBC)",2016 National Exit Poll,11/8/2016,11/8/2016,Y,Exiting voters and absentee/early voters,4374,Telephone Interview; On-site Questionnaire,
31116396.00039,Not much,13,"Does Donald Trump’s treatment of women bother you a lot, some, not much, or not at all?",,Asked of one-fifth sample,01/1/2020,Edison Research,"National Election Pool (ABC News, Associated Press, CBS, CNN, Fox News, NBC)",2016 National Exit Poll,11/8/2016,11/8/2016,Y,Exiting voters and absentee/early voters,4374,Telephone Interview; On-site Questionnaire,
31116396.00039,Not at all,15,"Does Donald Trump’s treatment of women bother you a lot, some, not much, or not at all?",,Asked of one-fifth sample,01/1/2020,Edison Research,"National Election Pool (ABC News, Associated Press, CBS, CNN, Fox News, NBC)",2016 National Exit Poll,11/8/2016,11/8/2016,Y,Exiting voters and absentee/early voters,4374,Telephone Interview; On-site Questionnaire,
31116396.00039,Don't know/Refused,1,"Does Donald Trump’s treatment of women bother you a lot, some, not much, or not at all?",,Asked of one-fifth sample,01/1/2020,Edison Research,"National Election Pool (ABC News, Associated Press, CBS, CNN, Fox News, NBC)",2016 National Exit Poll,11/8/2016,11/8/2016,Y,Exiting voters and absentee/early voters,4374,Telephone Interview; On-site Questionnaire,
31116396.00037,Generally going in the right direction,33,"Do you think things in this country today are generally going in the right direction, or seriously off on the wrong track?",,Asked of one-fifth sample,01/1/2020,Edison Research,"National Election Pool (ABC News, Associated Press, CBS, CNN, Fox News, NBC)",2016 National Exit Poll,11/8/2016,11/8/2016,Y,Exiting voters and absentee/early voters,4374,Telephone Interview; On-site Questionnaire,
31116396.00037,Seriously off on the wrong track,62,"Do you think things in this country today are generally going in the right direction, or seriously off on the wrong track?",,Asked of one-fifth sample,01/1/2020,Edison Research,"National Election Pool (ABC News, Associated Press, CBS, CNN, Fox News, NBC)",2016 National Exit Poll,11/8/2016,11/8/2016,Y,Exiting voters and absentee/early voters,4374,Telephone Interview; On-site Questionnaire,
31116396.00037,Don't know/Refused,5,"Do you think things in this country today are generally going in the right direction, or seriously off on the wrong track?",,Asked of one-fifth sample,01/1/2020,Edison Research,"National Election Pool (ABC News, Associated Press, CBS, CNN, Fox News, NBC)",2016 National Exit Poll,11/8/2016,11/8/2016,Y,Exiting voters and absentee/early voters,4374,Telephone Interview; On-site Questionnaire,
31116396.00040,Very confident,47,"How confident are you that votes in your state will be counted accurately?...Very confident, somewhat confident, not very confident, not at all confident",,Asked of one-fifth sample,01/1/2020,Edison Research,"National Election Pool (ABC News, Associated Press, CBS, CNN, Fox News, NBC)",2016 National Exit Poll,11/8/2016,11/8/2016,Y,Exiting voters and absentee/early voters,4374,Telephone Interview; On-site Questionnaire,
31116396.00040,Somewhat confident,36,"How confident are you that votes in your state will be counted accurately?...Very confident, somewhat confident, not very confident, not at all confident",,Asked of one-fifth sample,01/1/2020,Edison Research,"National Election Pool (ABC News, Associated Press, CBS, CNN, Fox News, NBC)",2016 National Exit Poll,11/8/2016,11/8/2016,Y,Exiting voters and absentee/early voters,4374,Telephone Interview; On-site Questionnaire,
31116396.00040,Not very confident,11,"How confident are you that votes in your state will be counted accurately?...Very confident, somewhat confident, not very confident, not at all confident",,Asked of one-fifth sample,01/1/2020,Edison Research,"National Election Pool (ABC News, Associated Press, CBS, CNN, Fox News, NBC)",2016 National Exit Poll,11/8/2016,11/8/2016,Y,Exiting voters and absentee/early voters,4374,Telephone Interview; On-site Questionnaire,
31116396.00040,Not at all confident,5,"How confident are you that votes in your state will be counted accurately?...Very confident, somewhat confident, not very confident, not at all confident",,Asked of one-fifth sample,01/1/2020,Edison Research,"National Election Pool (ABC News, Associated Press, CBS, CNN, Fox News, NBC)",2016 National Exit Poll,11/8/2016,11/8/2016,Y,Exiting voters and absentee/early voters,4374,Telephone Interview; On-site Questionnaire,
31116396.00040,Don't know/Refused,2,"How confident are you that votes in your state will be counted accurately?...Very confident, somewhat confident, not very confident, not at all confident",,Asked of one-fifth sample,01/1/2020,Edison Research,"National Election Pool (ABC News, Associated Press, CBS, CNN, Fox News, NBC)",2016 National Exit Poll,11/8/2016,11/8/2016,Y,Exiting voters and absentee/early voters,4374,Telephone Interview; On-site Questionnaire,
31116396.00041,Yes,40,Would you describe yourself as a born-again or evangelical Christian?,,Asked of one-fifth sample,01/1/2020,Edison Research,"National Election Pool (ABC News, Associated Press, CBS, CNN, Fox News, NBC)",2016 National Exit Poll,11/8/2016,11/8/2016,Y,Exiting voters and absentee/early voters,4374,Telephone Interview; On-site Questionnaire,
31116396.00041,No,60,Would you describe yourself as a born-again or evangelical Christian?,,Asked of one-fifth sample,01/1/2020,Edison Research,"National Election Pool (ABC News, Associated Press, CBS, CNN, Fox News, NBC)",2016 National Exit Poll,11/8/2016,11/8/2016,Y,Exiting voters and absentee/early voters,4374,Telephone Interview; On-site Questionnaire,
31116396.00042,Once a week or more,33,"How often do you attend religious services?...Once a week or more, a few times a month, a few times a year",,Asked of one-fifth sample,01/1/2020,Edison Research,"National Election Pool (ABC News, Associated Press, CBS, CNN, Fox News, NBC)",2016 National Exit Poll,11/8/2016,11/8/2016,Y,Exiting voters and absentee/early voters,4374,Telephone Interview; On-site Questionnaire,
31116396.00042,A few times a month,16,"How often do you attend religious services?...Once a week or more, a few times a month, a few times a year",,Asked of one-fifth sample,01/1/2020,Edison Research,"National Election Pool (ABC News, Associated Press, CBS, CNN, Fox News, NBC)",2016 National Exit Poll,11/8/2016,11/8/2016,Y,Exiting voters and absentee/early voters,4374,Telephone Interview; On-site Questionnaire,
31116396.00042,A few times a year,29,"How often do you attend religious services?...Once a week or more, a few times a month, a few times a year",,Asked of one-fifth sample,01/1/2020,Edison Research,"National Election Pool (ABC News, Associated Press, CBS, CNN, Fox News, NBC)",2016 National Exit Poll,11/8/2016,11/8/2016,Y,Exiting voters and absentee/early voters,4374,Telephone Interview; On-site Questionnaire,
31116396.00042,Never,22,"How often do you attend religious services?...Once a week or more, a few times a month, a few times a year",,Asked of one-fifth sample,01/1/2020,Edison Research,"National Election Pool (ABC News, Associated Press, CBS, CNN, Fox News, NBC)",2016 National Exit Poll,11/8/2016,11/8/2016,Y,Exiting voters and absentee/early voters,4374,Telephone Interview; On-site Questionnaire,
31116396.00043,Yes,91,Were you born a United States citizen?,,Asked of one-fifth sample,01/1/2020,Edison Research,"National Election Pool (ABC News, Associated Press, CBS, CNN, Fox News, NBC)",2016 National Exit Poll,11/8/2016,11/8/2016,Y,Exiting voters and absentee/early voters,4374,Telephone Interview; On-site Questionnaire,
31116396.00043,No,9,Were you born a United States citizen?,,Asked of one-fifth sample,01/1/2020,Edison Research,"National Election Pool (ABC News, Associated Press, CBS, CNN, Fox News, NBC)",2016 National Exit Poll,11/8/2016,11/8/2016,Y,Exiting voters and absentee/early voters,4374,Telephone Interview; On-site Questionnaire,
31116396.00044,Democrat,36,"No matter how you vote, do you usually think of yourself as a Democrat, Republican, Independent, or something else?",,,01/1/2020,Edison Research,"National Election Pool (ABC News, Associated Press, CBS, CNN, Fox News, NBC)",2016 National Exit Poll,11/8/2016,11/8/2016,Y,Exiting voters and absentee/early voters,4374,Telephone Interview; On-site Questionnaire,
31116396.00044,Republican,33,"No matter how you vote, do you usually think of yourself as a Democrat, Republican, Independent, or something else?",,,01/1/2020,Edison Research,"National Election Pool (ABC News, Associated Press, CBS, CNN, Fox News, NBC)",2016 National Exit Poll,11/8/2016,11/8/2016,Y,Exiting voters and absentee/early voters,4374,Telephone Interview; On-site Questionnaire,
31116396.00044,Independent,24,"No matter how you vote, do you usually think of yourself as a Democrat, Republican, Independent, or something else?",,,01/1/2020,Edison Research,"National Election Pool (ABC News, Associated Press, CBS, CNN, Fox News, NBC)",2016 National Exit Poll,11/8/2016,11/8/2016,Y,Exiting voters and absentee/early voters,4374,Telephone Interview; On-site Questionnaire,
31116396.00044,Something else,7,"No matter how you vote, do you usually think of yourself as a Democrat, Republican, Independent, or something else?",,,01/1/2020,Edison Research,"National Election Pool (ABC News, Associated Press, CBS, CNN, Fox News, NBC)",2016 National Exit Poll,11/8/2016,11/8/2016,Y,Exiting voters and absentee/early voters,4374,Telephone Interview; On-site Questionnaire,
31116396.00045,Liberal,26,"On most political matters, do you consider yourself liberal, moderate, or conservative?",,,01/1/2020,Edison Research,"National Election Pool (ABC News, Associated Press, CBS, CNN, Fox News, NBC)",2016 National Exit Poll,11/8/2016,11/8/2016,Y,Exiting voters and absentee/early voters,4374,Telephone Interview; On-site Questionnaire,
31116396.00045,Moderate,39,"On most political matters, do you consider yourself liberal, moderate, or conservative?",,,01/1/2020,Edison Research,"National Election Pool (ABC News, Associated Press, CBS, CNN, Fox News, NBC)",2016 National Exit Poll,11/8/2016,11/8/2016,Y,Exiting voters and absentee/early voters,4374,Telephone Interview; On-site Questionnaire,
31116396.00045,Conservative,35,"On most political matters, do you consider yourself liberal, moderate, or conservative?",,,01/1/2020,Edison Research,"National Election Pool (ABC News, Associated Press, CBS, CNN, Fox News, NBC)",2016 National Exit Poll,11/8/2016,11/8/2016,Y,Exiting voters and absentee/early voters,4374,Telephone Interview; On-site Questionnaire,
31116396.00046,Treats all people fairly,43,"Do you think the country’s criminal justice system treats all people fairly, or treats blacks unfairly?",,Asked of one-fifth sample,01/1/2020,Edison Research,"National Election Pool (ABC News, Associated Press, CBS, CNN, Fox News, NBC)",2016 National Exit Poll,11/8/2016,11/8/2016,Y,Exiting voters and absentee/early voters,4374,Telephone Interview; On-site Questionnaire,
31116396.00046,Treats blacks unfairly,48,"Do you think the country’s criminal justice system treats all people fairly, or treats blacks unfairly?",,Asked of one-fifth sample,01/1/2020,Edison Research,"National Election Pool (ABC News, Associated Press, CBS, CNN, Fox News, NBC)",2016 National Exit Poll,11/8/2016,11/8/2016,Y,Exiting voters and absentee/early voters,4374,Telephone Interview; On-site Questionnaire,
31116396.00046,Don't know/Refused,9,"Do you think the country’s criminal justice system treats all people fairly, or treats blacks unfairly?",,Asked of one-fifth sample,01/1/2020,Edison Research,"National Election Pool (ABC News, Associated Press, CBS, CNN, Fox News, NBC)",2016 National Exit Poll,11/8/2016,11/8/2016,Y,Exiting voters and absentee/early voters,4374,Telephone Interview; On-site Questionnaire,
31116396.00047,Yes,18,Does anyone in your household belong to a labor union?,,Asked of one-fifth sample,01/1/2020,Edison Research,"National Election Pool (ABC News, Associated Press, CBS, CNN, Fox News, NBC)",2016 National Exit Poll,11/8/2016,11/8/2016,Y,Exiting voters and absentee/early voters,4374,Telephone Interview; On-site Questionnaire,
31116396.00047,No,82,Does anyone in your household belong to a labor union?,,Asked of one-fifth sample,01/1/2020,Edison Research,"National Election Pool (ABC News, Associated Press, CBS, CNN, Fox News, NBC)",2016 National Exit Poll,11/8/2016,11/8/2016,Y,Exiting voters and absentee/early voters,4374,Telephone Interview; On-site Questionnaire,
31116396.00048,Yes,5,"Are you gay, lesbian, bisexual or transgender?",,Asked of one-fifth sample,01/1/2020,Edison Research,"National Election Pool (ABC News, Associated Press, CBS, CNN, Fox News, NBC)",2016 National Exit Poll,11/8/2016,11/8/2016,Y,Exiting voters and absentee/early voters,4374,Telephone Interview; On-site Questionnaire,
31116396.00048,No,95,"Are you gay, lesbian, bisexual or transgender?",,Asked of one-fifth sample,01/1/2020,Edison Research,"National Election Pool (ABC News, Associated Press, CBS, CNN, Fox News, NBC)",2016 National Exit Poll,11/8/2016,11/8/2016,Y,Exiting voters and absentee/early voters,4374,Telephone Interview; On-site Questionnaire,
31116396.00002,Foreign policy,13,"Which one of these four issues is the most important facing the country?...Foreign policy, immigration, the economy, terrorism",,Asked of two-fifths sample,01/1/2020,Edison Research,"National Election Pool (ABC News, Associated Press, CBS, CNN, Fox News, NBC)",2016 National Exit Poll,11/8/2016,11/8/2016,Y,Exiting voters and absentee/early voters,4374,Telephone Interview; On-site Questionnaire,
31116396.00002,Immigration,12,"Which one of these four issues is the most important facing the country?...Foreign policy, immigration, the economy, terrorism",,Asked of two-fifths sample,01/1/2020,Edison Research,"National Election Pool (ABC News, Associated Press, CBS, CNN, Fox News, NBC)",2016 National Exit Poll,11/8/2016,11/8/2016,Y,Exiting voters and absentee/early voters,4374,Telephone Interview; On-site Questionnaire,
31116396.00002,The economy,52,"Which one of these four issues is the most important facing the country?...Foreign policy, immigration, the economy, terrorism",,Asked of two-fifths sample,01/1/2020,Edison Research,"National Election Pool (ABC News, Associated Press, CBS, CNN, Fox News, NBC)",2016 National Exit Poll,11/8/2016,11/8/2016,Y,Exiting voters and absentee/early voters,4374,Telephone Interview; On-site Questionnaire,
31116396.00002,Terrorism,18,"Which one of these four issues is the most important facing the country?...Foreign policy, immigration, the economy, terrorism",,Asked of two-fifths sample,01/1/2020,Edison Research,"National Election Pool (ABC News, Associated Press, CBS, CNN, Fox News, NBC)",2016 National Exit Poll,11/8/2016,11/8/2016,Y,Exiting voters and absentee/early voters,4374,Telephone Interview; On-site Questionnaire,
31116396.00002,Don't know/Refused,5,"Which one of these four issues is the most important facing the country?...Foreign policy, immigration, the economy, terrorism",,Asked of two-fifths sample,01/1/2020,Edison Research,"National Election Pool (ABC News, Associated Press, CBS, CNN, Fox News, NBC)",2016 National Exit Poll,11/8/2016,11/8/2016,Y,Exiting voters and absentee/early voters,4374,Telephone Interview; On-site Questionnaire,
31116396.00008,Yes,10,Is this (2016) the first time you have ever voted?,,Asked of one-fifth sample,01/1/2020,Edison Research,"National Election Pool (ABC News, Associated Press, CBS, CNN, Fox News, NBC)",2016 National Exit Poll,11/8/2016,11/8/2016,Y,Exiting voters and absentee/early voters,4374,Telephone Interview; On-site Questionnaire,
31116396.00008,No,90,Is this (2016) the first time you have ever voted?,,Asked of one-fifth sample,01/1/2020,Edison Research,"National Election Pool (ABC News, Associated Press, CBS, CNN, Fox News, NBC)",2016 National Exit Poll,11/8/2016,11/8/2016,Y,Exiting voters and absentee/early voters,4374,Telephone Interview; On-site Questionnaire,
31116396.00010,Yes,32,Do you think Donald Trump is honest and trustworthy?,,Asked of one-fifth sample,01/1/2020,Edison Research,"National Election Pool (ABC News, Associated Press, CBS, CNN, Fox News, NBC)",2016 National Exit Poll,11/8/2016,11/8/2016,Y,Exiting voters and absentee/early voters,4374,Telephone Interview; On-site Questionnaire,
31116396.00010,No,64,Do you think Donald Trump is honest and trustworthy?,,Asked of one-fifth sample,01/1/2020,Edison Research,"National Election Pool (ABC News, Associated Press, CBS, CNN, Fox News, NBC)",2016 National Exit Poll,11/8/2016,11/8/2016,Y,Exiting voters and absentee/early voters,4374,Telephone Interview; On-site Questionnaire,
31116396.00010,Don't know/Refused,4,Do you think Donald Trump is honest and trustworthy?,,Asked of one-fifth sample,01/1/2020,Edison Research,"National Election Pool (ABC News, Associated Press, CBS, CNN, Fox News, NBC)",2016 National Exit Poll,11/8/2016,11/8/2016,Y,Exiting voters and absentee/early voters,4374,Telephone Interview; On-site Questionnaire,
31116396.00038,A lot,45,"Does Hillary Clinton’s use of private email while secretary of state bother you a lot, some, not much, or not at all?",,Asked of one-fifth sample,01/1/2020,Edison Research,"National Election Pool (ABC News, Associated Press, CBS, CNN, Fox News, NBC)",2016 National Exit Poll,11/8/2016,11/8/2016,Y,Exiting voters and absentee/early voters,4374,Telephone Interview; On-site Questionnaire,
31116396.00038,Some,18,"Does Hillary Clinton’s use of private email while secretary of state bother you a lot, some, not much, or not at all?",,Asked of one-fifth sample,01/1/2020,Edison Research,"National Election Pool (ABC News, Associated Press, CBS, CNN, Fox News, NBC)",2016 National Exit Poll,11/8/2016,11/8/2016,Y,Exiting voters and absentee/early voters,4374,Telephone Interview; On-site Questionnaire,
31116396.00038,Not much,17,"Does Hillary Clinton’s use of private email while secretary of state bother you a lot, some, not much, or not at all?",,Asked of one-fifth sample,01/1/2020,Edison Research,"National Election Pool (ABC News, Associated Press, CBS, CNN, Fox News, NBC)",2016 National Exit Poll,11/8/2016,11/8/2016,Y,Exiting voters and absentee/early voters,4374,Telephone Interview; On-site Questionnaire,
31116396.00038,Not at all,19,"Does Hillary Clinton’s use of private email while secretary of state bother you a lot, some, not much, or not at all?",,Asked of one-fifth sample,01/1/2020,Edison Research,"National Election Pool (ABC News, Associated Press, CBS, CNN, Fox News, NBC)",2016 National Exit Poll,11/8/2016,11/8/2016,Y,Exiting voters and absentee/early voters,4374,Telephone Interview; On-site Questionnaire,
31116396.00038,Don't know/Refused,1,"Does Hillary Clinton’s use of private email while secretary of state bother you a lot, some, not much, or not at all?",,Asked of one-fifth sample,01/1/2020,Edison Research,"National Election Pool (ABC News, Associated Press, CBS, CNN, Fox News, NBC)",2016 National Exit Poll,11/8/2016,11/8/2016,Y,Exiting voters and absentee/early voters,4374,Telephone Interview; On-site Questionnaire,
31116396.00003,They care about people like you,15,"Which one of these four candidate qualities mattered most in your vote for president (2016)?...They care about people like you, they can bring needed change, they have the right experience, they have good judgment",,Asked of two-fifth sample,01/1/2020,Edison Research,"National Election Pool (ABC News, Associated Press, CBS, CNN, Fox News, NBC)",2016 National Exit Poll,11/8/2016,11/8/2016,Y,Exiting voters and absentee/early voters,4374,Telephone Interview; On-site Questionnaire,
31116396.00003,They can bring needed change,39,"Which one of these four candidate qualities mattered most in your vote for president (2016)?...They care about people like you, they can bring needed change, they have the right experience, they have good judgment",,Asked of two-fifth sample,01/1/2020,Edison Research,"National Election Pool (ABC News, Associated Press, CBS, CNN, Fox News, NBC)",2016 National Exit Poll,11/8/2016,11/8/2016,Y,Exiting voters and absentee/early voters,4374,Telephone Interview; On-site Questionnaire,
31116396.00003,They have the right experience,21,"Which one of these four candidate qualities mattered most in your vote for president (2016)?...They care about people like you, they can bring needed change, they have the right experience, they have good judgment",,Asked of two-fifth sample,01/1/2020,Edison Research,"National Election Pool (ABC News, Associated Press, CBS, CNN, Fox News, NBC)",2016 National Exit Poll,11/8/2016,11/8/2016,Y,Exiting voters and absentee/early voters,4374,Telephone Interview; On-site Questionnaire,
31116396.00003,They have good judgment,21,"Which one of these four candidate qualities mattered most in your vote for president (2016)?...They care about people like you, they can bring needed change, they have the right experience, they have good judgment",,Asked of two-fifth sample,01/1/2020,Edison Research,"National Election Pool (ABC News, Associated Press, CBS, CNN, Fox News, NBC)",2016 National Exit Poll,11/8/2016,11/8/2016,Y,Exiting voters and absentee/early voters,4374,Telephone Interview; On-site Questionnaire,
31116396.00003,Don't know/Refused,4,"Which one of these four candidate qualities mattered most in your vote for president (2016)?...They care about people like you, they can bring needed change, they have the right experience, they have good judgment",,Asked of two-fifth sample,01/1/2020,Edison Research,"National Election Pool (ABC News, Associated Press, CBS, CNN, Fox News, NBC)",2016 National Exit Poll,11/8/2016,11/8/2016,Y,Exiting voters and absentee/early voters,4374,Telephone Interview; On-site Questionnaire,
31116396.00030,Hillary Clinton,49,"Regardless of how you voted today, who would be a better commander in chief?...Hillary Clinton, Donald Trump",,Asked of one-fifth sample,01/1/2020,Edison Research,"National Election Pool (ABC News, Associated Press, CBS, CNN, Fox News, NBC)",2016 National Exit Poll,11/8/2016,11/8/2016,Y,Exiting voters and absentee/early voters,4374,Telephone Interview; On-site Questionnaire,
31116396.00030,Donald Trump,45,"Regardless of how you voted today, who would be a better commander in chief?...Hillary Clinton, Donald Trump",,Asked of one-fifth sample,01/1/2020,Edison Research,"National Election Pool (ABC News, Associated Press, CBS, CNN, Fox News, NBC)",2016 National Exit Poll,11/8/2016,11/8/2016,Y,Exiting voters and absentee/early voters,4374,Telephone Interview; On-site Questionnaire,
31116396.00030,Don't know/Refused,6,"Regardless of how you voted today, who would be a better commander in chief?...Hillary Clinton, Donald Trump",,Asked of one-fifth sample,01/1/2020,Edison Research,"National Election Pool (ABC News, Associated Press, CBS, CNN, Fox News, NBC)",2016 National Exit Poll,11/8/2016,11/8/2016,Y,Exiting voters and absentee/early voters,4374,Telephone Interview; On-site Questionnaire,
